epoch,train_loss,eval_loss,eval_top1,eval_top5
0,5.7587773121153,6.1375525,1.2760000955200195,5.998000400695801
